{
    "loss": 3.306443452835083,
    "accuracy": 0.5467625856399536
}