{
    "loss": 16.23076820373535,
    "accuracy": 0.48201438784599304
}